0,1,999,2,998,3,997,4,996,5,995,6,994,7,993,8,992,9,991,10,990
1,2,3,999,4,998,5,997,6,996,7,995,8,994,9,993,10,992,11,991,135,976
2,3,4,5,999,6,998,7,997,8,996,9,995,10,994,11,993,12,992,174,844
3,4,5,6,7,999,8,998,9,997,10,996,11,995,12,994,13,993,468
4,5,6,7,8,9,999,10,998,11,997,12,996,13,995,14
5,7,9,10,999,12,998,13,997,14,996,15,995,332,135,762
6,7,8,9,10,11,12,13,999,14,998,15,997,16,996,970
7,8,9,10,11,12,13,14,15,999,16,17,997,635
8,9,10,11,12,13,14,15,17,999,18,998,582
9,10,11,12,13,14,15,16,17,18,19,999,409
10,11,12,13,14,15,16,17,18,19,20
11,12,13,14,15,16,17,18,19,20,21
12,13,14,15,16,17,18,19,20,21,22
13,14,15,16,18,19,20,21,22,23,996,181
14,15,16,17,18,19,20,21,22,23,24
15,16,17,18,19,20,21,22,23,24,25
16,17,18,19,20,21,22,23,24,25,26
17,18,19,20,21,22,23,24,25,26,27,560,713,265
18,19,20,21,22,23,24,25,26,27,28
19,20,21,22,23,24,25,26,27,28,29,457,968
20,21,22,23,24,25,26,27,28,29,30
21,22,23,24,25,26,27,28,29,30,31,733
22,23,24,25,26,27,28,29,30,31,32
23,24,25,26,27,28,29,30,31,32,33
24,25,26,27,28,29,30,31,32,33,34,532
25,26,27,28,29,30,31,32,33,34,35
26,27,28,29,30,31,32,33,34,35,388
27,28,29,30,31,32,33,34,35,36,37
28,29,30,31,32,33,34,35,36,37,38,342
29,30,31,32,33,34,35,36,37,38,39,952
30,31,32,33,35,36,37,38,39,40,756
31,32,33,34,35,36,37,38,39,40,41
32,33,34,35,36,37,38,39,40,41,42,861,368
33,34,35,36,37,38,39,40,41,42,43,544
34,35,36,37,38,39,40,41,42,43,44
35,36,37,38,39,40,42,43,44,45,790
36,38,39,40,41,42,43,44,45,46,512,690,867
37,38,39,40,41,42,43,44,45,46,47
38,39,40,41,42,43,44,45,46,47,48
39,40,41,42,43,44,45,46,47,48,49
40,41,42,43,44,45,46,47,48,49,50
41,42,43,44,45,46,47,49,50,51,326
42,43,44,45,46,47,48,49,50,51,52,471
43,44,45,46,47,48,49,50,51,52,53,99
44,45,46,47,48,49,50,51,52,53,54
45,46,47,48,49,50,51,52,53,55,126
46,47,48,49,50,51,52,53,54,55,56
47,48,49,50,51,52,53,54,55,56,57
48,49,51,52,53,54,55,56,57,58,752
49,50,51,52,53,54,55,56,57,58,59,850
50,51,52,53,54,55,56,57,58,59,60,776,903
51,52,53,54,55,56,57,58,59,60,61
52,53,54,55,56,57,58,59,60,61,62
53,54,55,57,58,59,60,61,62,63,888,82,299
54,55,56,57,58,59,60,61,62,63,64
55,56,57,58,59,60,61,62,63,64,65
56,57,58,59,60,61,62,63,64,65,66,925
57,58,59,61,62,63,64,65,66,67,207,565
58,59,60,61,62,63,64,65,66,68,460
59,60,61,62,63,64,65,66,67,68,69
60,61,62,63,64,65,66,67,68,69,70,295
61,62,63,64,65,66,67,68,69,70,71
62,63,64,65,66,67,68,69,70,71,72,980
63,64,65,66,67,68,69,70,71,72,73
64,65,66,67,68,69,70,71,72,73,74,395,824,328
65,66,67,68,69,70,71,72,73,74,75
66,67,68,70,71,72,73,74,75,76,352
67,68,69,70,71,72,73,74,75,76,77
68,69,70,71,72,73,74,75,76,77,78
69,70,71,72,73,75,76,77,78,79,522
70,71,72,73,74,75,76,77,78,79,80
71,72,73,74,75,76,77,78,79,80,81
72,73,74,75,76,77,78,79,80,81,82
73,74,75,76,77,78,79,81,82,83,360
74,75,76,77,78,79,80,81,82,83,84,727
75,76,77,78,79,80,81,82,83,84,85
76,77,78,79,80,81,82,83,84,85,86
77,78,79,80,81,82,83,84,85,86,87,178
78,79,80,81,82,83,84,85,86,87,88
79,80,81,82,83,84,85,86,87,88,89
80,81,82,83,84,85,86,87,89,90,820,453
81,82,83,84,85,86,87,88,90,91,678
82,83,84,85,86,87,88,89,90,91,812
83,84,85,87,88,89,90,91,92,93,866
84,86,87,88,89,90,91,92,93,94,824,137
85,86,87,89,90,91,93,94,95,410,884
86,87,88,89,90,91,92,93,94,95,821
87,88,89,90,92,93,94,95,96,97,176
88,89,90,91,92,93,94,95,96,97,98,198
89,90,92,93,94,95,96,97,98,99,583,632
90,91,95,96,98,99,100,745,485,551,516,542,243
91,92,93,94,95,96,97,98,99,100,101,506
92,93,94,95,96,97,98,99,100,101,102
93,95,96,97,98,99,100,101,102,103,628
94,95,96,97,98,99,100,101,102,103,104
95,96,97,98,99,100,101,103,104,105,774
96,97,98,100,101,102,103,104,105,106,778
97,98,99,100,101,102,103,104,105,106,107
98,99,100,101,102,103,104,105,106,107,108
99,100,101,102,103,104,106,107,108,109,903
100,101,102,103,104,105,106,107,108,109,110
101,102,103,104,105,106,107,108,109,110,111
102,103,104,105,106,107,108,109,110,111,112,329
103,104,105,106,107,108,109,110,111,112,113,426
104,105,106,107,108,109,110,111,112,113,114
105,106,107,108,109,110,112,113,114,115,889
106,107,108,109,110,111,112,113,114,115,116
107,108,109,110,111,112,113,114,115,116,117,702
108,109,110,111,112,113,114,116,117,118,321,143
109,110,112,113,114,115,116,117,118,119,663,327
110,111,112,113,114,115,116,117,118,119,120
111,112,113,114,115,116,117,118,119,120,121,576
112,113,114,115,116,117,118,119,120,121,122
113,114,115,116,117,118,119,120,121,122,123
114,115,116,117,118,119,120,122,123,124,454,359,525,435,722
115,117,118,119,120,121,122,123,124,125,994
116,117,118,119,121,122,123,124,125,561,720,998,347
117,118,119,120,121,122,123,124,125,126,127,444
118,119,120,121,122,123,124,125,126,127,128,888
119,120,121,122,123,124,125,126,127,128,129
120,121,122,123,124,125,126,127,128,129,130,459
121,122,123,124,125,126,127,128,129,130,131
122,123,124,125,126,127,128,129,130,131,132,446,451
123,124,125,126,127,128,129,130,131,132,133
124,125,126,127,128,129,130,131,132,133,134,183
125,126,127,128,129,130,131,132,133,134,135
126,127,128,129,130,131,132,133,134,135,136
127,128,129,130,131,132,133,134,135,136,137,951
128,129,130,131,132,133,134,135,137,138,521,346
129,130,131,133,134,135,136,137,138,139,530,780
130,131,132,133,134,135,136,137,138,139,140,295
131,132,133,134,135,136,137,138,139,140,898
132,133,134,135,136,137,138,139,140,141,142,215
133,134,135,136,137,138,139,140,141,142,143,509,735,959,591
134,135,136,137,138,139,140,141,142,143,144,801
135,136,137,138,139,141,142,143,144,145
136,137,138,139,140,141,142,143,144,145,146,505
137,138,139,140,142,143,144,145,146,147,304
138,139,140,141,142,143,144,145,146,279,907
139,140,141,142,143,144,145,146,147,149,355
140,141,142,143,144,145,146,147,148,149,150,378,724
141,142,143,144,145,146,147,148,149,150,151,438
142,143,144,145,146,147,148,149,150,151,152
143,144,145,146,147,148,149,150,151,152,153,398
144,145,146,147,148,149,150,151,152,153,154
145,146,147,148,149,150,151,152,153,154,155,838
146,147,148,149,150,151,152,153,154,155,156
147,148,149,150,151,152,153,154,155,156,157
148,149,150,151,152,153,154,155,156,157,158
149,150,151,152,153,154,155,156,157,158,159
150,151,152,153,154,155,156,157,158,159,160
151,152,153,154,155,156,157,158,159,160,161
152,153,154,155,156,157,158,159,160,161,473
153,154,155,156,157,158,159,160,161,162,163,381
154,155,156,159,160,161,162,163,164,576,799,497
155,156,157,158,159,161,162,163,164,165,261
156,157,158,159,160,161,162,163,164,165,166,932,198
157,158,159,160,161,162,163,164,165,166,167,408
158,159,160,161,162,163,164,165,166,167,168,715
159,160,161,162,163,165,166,167,168,169,449
160,161,162,164,165,166,167,168,169,170,831
161,162,163,164,165,166,167,168,169,170,171,452,308
162,163,164,165,166,167,168,169,170,171,172
163,164,165,166,167,168,170,171,172,173,382
164,165,166,167,168,169,170,171,172,173,174
165,166,167,168,169,170,171,172,173,174,175
166,167,168,170,171,172,173,174,176,836,466
167,168,169,170,171,172,173,174,175,176,177
168,169,170,171,172,173,174,175,176,177,178
169,170,171,172,173,174,175,177,178,179,895
170,171,172,173,174,175,176,177,178,179,180,568
171,172,173,174,175,176,177,178,179,180,181
172,173,174,175,176,177,178,179,180,181,182
173,174,175,176,177,178,179,180,181,182,183,975
174,175,176,178,179,181,182,184,693,779,188,636
175,176,177,178,179,180,181,182,183,184,185
176,177,178,179,180,181,182,183,184,185,186
177,178,179,180,181,182,183,184,185,186,187
178,179,180,182,183,184,185,186,187,188
179,180,181,182,183,184,185,186,187,188,189,211
180,181,182,183,184,185,186,187,188,189,760
181,182,183,184,185,186,187,188,190,191
182,183,184,186,187,188,189,190,191,192,637,494
183,184,185,186,188,189,190,191,192,193
184,185,186,187,188,189,190,191,192,193,194
185,186,187,189,190,191,192,193,194,195,975
186,187,188,189,191,192,193,194,195,196,449
187,188,189,190,191,192,193,194,195,196,197,529
188,189,190,191,192,193,194,195,196,197,198,401
189,190,191,192,193,194,195,196,197,198,199
190,191,192,193,194,195,196,197,198,199,200
191,192,193,194,196,197,198,199,200,201,588
192,193,194,195,196,197,198,199,200,201,202,675
193,194,195,196,197,198,199,200,201,202,203
194,195,196,197,198,199,200,201,202,203,204
195,196,197,198,199,200,201,202,203,204,205
196,197,198,199,200,201,203,204,205,206,766
197,198,199,200,201,202,203,204,205,206,207
198,199,200,202,203,204,206,207,208
199,200,201,202,203,204,205,206,207,208,209
200,201,202,203,204,205,206,207,209,210,611
201,202,203,204,205,206,207,208,210,211,917
202,203,204,205,206,207,208,209,210,211,212
203,204,205,206,207,208,209,210,211,212,213,487,910
204,205,206,207,208,209,210,211,212,213,214
205,206,207,208,209,210,211,212,213,215,376
206,207,208,209,210,211,212,213,214,215,216
207,209,210,211,212,213,214,215,216,217
208,209,210,211,212,213,215,216,217,218,341
209,210,211,212,214,215,216,217,218,219,442
210,211,212,213,214,215,216,217,218,219,220
211,212,213,214,215,216,217,218,220,221
212,213,214,215,216,217,218,219,220,221,222
213,214,215,216,217,218,220,221,222,223,677
214,215,217,218,219,220,221,222,223,224,777
215,216,217,218,219,220,223,224,225,623
216,217,218,219,220,221,222,223,224,225,226,761
217,218,219,220,222,223,224,225,226,227,911
218,219,220,221,222,223,224,225,226,227,228
219,220,221,222,223,224,225,226,227,228,229
220,221,222,223,224,225,226,227,228,229,230
221,222,223,224,225,226,228,229,230,231,981
222,223,224,225,226,227,228,229,230,231,577
223,224,225,226,227,228,229,230,231,232,233,428
224,225,226,227,228,229,230,231,232,233,234
225,226,227,228,229,230,231,232,233,234,235
226,228,229,231,232,233,234,235,236,768,252
227,228,229,230,231,232,233,234,235,236,237
228,229,230,231,232,233,234,235,236,237,238
229,230,231,232,233,234,235,236,237,238,239
230,231,232,233,234,235,236,237,238,239,240
231,232,233,234,235,236,237,238,239,240,241
232,233,234,235,236,237,238,239,240,241,242
233,235,236,237,238,239,240,241,242,243,411,506
234,235,236,238,239,240,241,242,243,244,353
235,236,237,238,239,240,241,242,243,244,245
236,237,238,239,240,242,243,244,245,246,844
237,238,239,240,241,242,243,244,245,246,247
238,239,240,241,242,243,244,245,246,247,248
239,240,241,242,244,245,246,247,248,249,641
240,241,242,243,244,245,246,247,248,249,250
241,242,243,244,245,246,247,248,249,250,251
242,243,244,245,246,247,248,249,250,251,923,541
243,244,245,246,247,248,249,251,252,314
244,245,246,247,248,249,250,251,252,253,254
245,247,248,249,250,251,252,253,254,945,672
246,247,248,249,250,251,252,253,254,255,256
247,248,249,250,251,252,254,255,256,257,807
248,249,250,251,252,253,254,255,256,257,258
249,250,251,252,253,254,255,256,257,259,500
250,251,252,253,254,255,256,257,258,260,870
251,252,253,255,256,257,258,259,260,261,680
252,253,254,255,256,257,258,259,260,261,262
253,254,255,256,257,258,259,260,261,262,263,445
254,255,256,257,258,259,260,261,262,263,264
255,256,257,258,259,260,261,262,263,264,265,613
256,257,258,259,260,261,262,263,264,265,266,937
257,258,259,260,261,262,263,264,265,266,267,505
258,259,260,261,262,263,265,266,267,648,891,334
259,260,261,262,263,264,265,266,267,268,269
260,261,262,263,264,265,266,267,268,269,270,382,655
261,262,263,264,265,266,267,268,269,270,271
262,263,264,265,266,267,268,269,270,271,272,828
263,264,265,266,267,268,269,270,271,272,273,798
264,265,266,267,268,269,270,271,272,273,274
265,266,267,268,269,270,271,272,273,275
266,267,268,269,270,271,272,273,274,275,276
267,268,269,270,271,272,273,274,275,276,277,806
268,269,270,271,272,273,274,275,276,277,278
269,270,271,272,273,274,275,276,277,278,279
270,271,272,273,274,275,276,277,278,279,280,361
271,272,273,274,275,276,277,278,279,280,281
272,273,274,275,276,277,278,279,280,281,282,699,564
273,274,276,277,278,279,280,281,282,283,839
274,275,276,277,278,279,280,281,282,283,284,928
275,276,277,279,280,281,282,283,284,285,827,393
276,277,278,279,280,281,282,283,284,285,286
277,278,279,280,281,282,283,284,285,286,287
278,279,280,282,283,284,285,286,287,288,559
279,280,281,282,283,284,285,286,287,288,289,776
280,281,282,283,284,285,286,287,288,289,290
281,282,283,284,285,286,287,288,289,290,291,717,805
282,283,284,285,286,287,288,289,290,291,292
283,284,285,286,287,288,289,290,291,292,293
284,285,286,287,288,289,290,291,292,293,294
285,286,287,288,289,290,291,292,293,294,295
286,287,288,289,290,291,292,293,294,295,296,327
287,288,289,290,291,292,293,294,295,296,297
288,289,290,291,292,293,294,295,296,297,298
289,290,291,292,293,294,295,296,297,298,299
290,291,292,293,294,295,296,297,298,299,300
291,292,293,294,295,296,297,298,299,300,301,433,456
292,293,295,296,297,298,299,300,301,302,947,830
293,294,295,296,297,298,299,300,302,303,872,502
294,296,297,298,299,300,301,302,303,304,948
295,296,297,299,300,301,302,303,776
296,297,298,299,300,301,302,303,304,305,306
297,299,300,301,302,303,304,305,306,307,780
298,299,300,301,302,303,304,305,306,307,308
299,300,302,303,304,305,307,308,309,419
300,301,302,303,304,305,306,307,308,309,310,397
301,302,303,304,305,306,307,308,309,310,311
302,303,304,306,307,308,309,310,311,312,514
303,304,305,306,307,308,309,310,311,312,313
304,306,307,308,309,310,311,312,592,752,771
305,306,307,308,309,310,311,312,313,314,315
306,308,309,310,311,312,313,314,315,316,678
307,308,309,310,311,312,313,314,315,316,317
308,309,310,311,312,313,314,315,786,870,729,551
309,310,311,314,316,317,318,319,605,494,806
310,311,312,313,315,316,317,318,319,320,767
311,313,314,315,316,317,318,319,320,321,624
312,313,314,315,316,317,318,319,320,321,322
313,314,315,316,317,318,319,320,321,322,323
314,315,316,317,318,319,320,321,322,323,324
315,316,317,318,319,320,321,322,323,324,325
316,317,318,319,320,321,322,323,324,325,326
317,318,319,320,321,322,323,324,325,326,327,852,820
318,319,320,321,322,323,324,325,326,327,328,438
319,320,321,322,323,324,325,326,327,328,329
320,321,322,323,324,325,327,328,329,330,934,458
321,322,323,324,326,327,328,329,330,331
322,323,324,325,326,327,328,329,330,331,332
323,325,326,327,328,329,330,331,332,333,690,903
324,325,326,327,328,329,330,331,332,333,334,895
325,326,327,328,329,330,331,332,333,334,335,461
326,327,328,329,330,331,332,333,334,335,336,459
327,328,329,330,331,333,334,337,729,851
328,329,330,331,333,335,336,338,428,562,436
329,330,331,332,333,335,336,337,338,339
330,331,332,333,334,335,336,337,338,339,340
331,332,333,334,335,336,337,338,339,340,341
332,333,334,335,336,337,338,339,340,341,342
333,334,335,336,337,338,339,340,341,342,343
334,335,336,337,338,339,340,341,342,343,822,505
335,336,337,338,339,340,341,342,343,344,345,850,595
336,337,338,339,340,341,342,343,344,345,346
337,338,339,340,341,342,343,344,345,346,476
338,339,340,341,342,343,344,345,346,347,348
339,340,341,342,343,344,345,346,347,348,349
340,341,342,343,344,345,346,347,348,349,350
341,342,343,344,345,346,347,348,349,350,351,589
342,343,344,345,346,348,349,350,351,352
343,344,345,346,347,348,349,350,351,352,353,654
344,345,346,347,348,349,350,351,352,353,354
345,346,347,349,350,351,352,353,354,355,805
346,347,348,349,351,352,353,354,355,356,719
347,348,349,350,351,352,353,354,355,356,357
348,349,350,351,352,353,354,355,356,357,358
349,350,351,352,353,354,355,356,357,358,359,601
350,351,353,354,356,357,358,359,360,903,384
351,352,353,354,355,356,357,358,359,361,846
352,353,354,355,356,357,358,359,361,362,585
353,354,355,356,357,358,359,360,361,363,618
354,355,356,357,358,359,360,361,362,363,364,875
355,356,357,358,359,360,361,362,363,364,365
356,357,358,359,360,361,362,363,364,365,366
357,358,359,360,361,362,363,366,367,378,919,770
358,359,360,361,362,363,364,365,366,367,368
359,361,362,363,365,366,367,368,391,897
360,361,362,363,364,365,366,367,368,369,370
361,362,363,364,365,366,368,369,370,371
362,363,364,365,366,367,368,369,370,371,372,616
363,364,365,366,368,369,370,371,372,373,733,751
364,365,366,367,368,369,370,371,372,373,374
365,367,368,369,370,371,372,373,374,375,515,457
366,367,368,369,370,371,372,373,374,375,376
367,368,369,370,371,372,373,374,375,376,377
368,369,370,371,372,373,374,375,377,378
369,370,371,372,373,374,375,376,377,378,379
370,371,372,373,374,375,376,377,378,379,380
371,372,373,374,375,376,377,378,379,380,381
372,373,374,375,376,377,378,379,380,381,382,915
373,374,375,376,377,378,379,380,381,382,383,682
374,375,376,377,378,379,380,381,382,383,384
375,376,377,378,379,380,381,382,383,384,385,647
376,377,378,379,380,381,382,383,384,385,386,971
377,378,379,380,381,382,383,384,385,386,387
378,380,381,382,384,385,386,387,388
379,380,381,382,383,384,385,386,387,388,389
380,381,382,383,384,385,386,387,388,389,390
381,382,383,384,385,386,387,388,389,391
382,383,384,386,387,388,389,390,391,392
383,384,385,386,387,388,389,390,391,392,393
384,385,386,387,388,389,390,391,392,393,394
385,386,387,388,389,390,391,392,393,394,395
386,387,388,389,390,391,392,393,394,395,396
387,388,389,390,391,392,394,395,396,397,598
388,389,390,391,392,393,394,395,396,397,398
389,390,391,392,393,394,395,396,397,398,399
390,391,392,393,395,396,397,398,399,400,924,962
391,392,393,394,395,396,397,398,399,400,401
392,393,394,395,396,397,398,399,400,401,402,636
393,394,395,396,397,398,399,400,401,402,403
394,395,396,397,398,399,400,401,402,403,404
395,396,397,399,400,401,402,403,404,405
396,397,398,399,400,401,402,403,404,405,406,665
397,398,399,400,402,405,406,407,833,712,507,504
398,399,400,402,403,404,405,406,407,408
399,400,401,402,403,405,406,407,408,409,788
400,401,402,403,404,405,406,407,408,409,410
401,402,404,405,406,407,408,410,411,997,974
402,403,404,405,406,407,408,409,410,411,412,934
403,404,405,406,407,408,409,410,411,412,413
404,405,406,407,408,409,410,412,413,414,555
405,406,407,408,409,410,411,412,413,414,415
406,408,409,410,411,412,413,414,415,416,558
407,408,409,410,411,412,413,414,415,416,417
408,409,410,411,412,413,415,416,417,418
409,410,411,413,414,415,416,417,418,419
410,411,412,413,414,415,416,417,418,419,420,582
411,412,413,414,415,416,417,418,419,420,421
412,413,414,415,416,417,419,420,421,422,621,815
413,414,415,416,417,418,419,420,421,422,423,719
414,415,416,417,418,419,420,421,422,424,614
415,416,417,418,419,420,421,422,423,424,425
416,417,418,419,420,421,422,423,424,425,426
417,418,419,420,421,422,423,424,425,427,499
418,419,420,421,422,423,424,425,426,427,428
419,420,421,422,423,424,425,426,427,428,429
420,421,422,423,424,425,426,427,428,429,492
421,422,423,424,425,426,427,428,429,430,431,644
422,423,424,425,426,427,428,429,430,431,432
423,424,425,426,427,428,429,430,431,432,433,858,687
424,425,426,427,428,429,430,431,432,433,434
425,426,427,428,429,430,431,432,433,434,435
426,427,428,429,430,431,435,436,878,735,539
427,428,429,430,431,432,433,434,435,437,843,974
428,429,431,433,434,435,436,437,438
429,430,431,432,433,434,435,436,437,438,439
430,431,432,433,434,435,436,437,438,439,440
431,432,433,434,435,436,437,438,439,440,441
432,433,434,435,436,437,438,439,440,441,442,813
433,434,435,436,438,439,440,441,442,443
434,435,436,437,438,439,440,441,442,443,444
435,436,437,438,439,440,441,442,443,444,445
436,437,438,439,440,441,442,444,445,446,874
437,438,439,440,441,442,443,444,445,446,447,785
438,439,440,441,442,443,444,445,446,638
439,440,441,442,443,445,446,448,449,486,542
440,441,442,443,444,445,446,447,448,449,450
441,442,443,444,445,446,447,448,449,450,451,666,610
442,443,444,445,446,447,448,449,450,452,855,812
443,444,445,446,447,448,449,450,451,452,453
444,445,446,448,449,451,452,453,454,961,626,899,919
445,446,447,448,450,451,452,453,454,455
446,447,448,449,451,452,453,454,455,456
447,448,449,450,451,452,453,454,455,456,457,853
448,449,450,451,452,453,454,455,456,457,458
449,450,451,452,453,454,455,456,457,458,459
450,451,452,453,454,455,456,457,458,459,780
451,452,453,454,455,456,457,459,461,683
452,453,455,456,457,458,459,460,461,462
453,454,455,456,457,458,459,460,461,462,463,607
454,455,457,458,459,460,461,462,463,464
455,456,457,458,459,460,461,462,463,464,465
456,457,458,459,460,462,463,464,465,466,673
457,458,460,461,463,464,465,466,467,739
458,459,460,461,462,463,464,465,466,468
459,460,461,463,464,466,468,469,678
460,461,462,463,464,465,466,467,468,469,916
461,462,463,464,465,467,468,469,470,471
462,463,464,465,466,467,468,469,470,471,472
463,464,465,466,467,468,469,470,471,472,473
464,465,466,467,468,469,470,471,472,473,474
465,466,467,468,469,470,471,472,473,474,475
466,467,468,469,470,471,472,473,474,475,476
467,468,469,470,471,472,473,474,475,476,477
468,469,470,471,472,473,475,476,477,478
469,470,471,472,473,474,475,476,477,478,479
470,471,472,473,474,475,476,478,479,480,979
471,472,473,474,475,476,477,479,480,481
472,473,474,475,476,477,478,479,480,481,482
473,474,475,476,477,479,480,481,482,483,859,754
474,475,476,477,478,479,480,481,482,483,484
475,476,477,478,479,480,481,482,483,484,485,704
476,477,478,479,480,481,482,483,484,485,486
477,478,479,480,481,482,483,484,485,486,487
478,479,480,481,482,483,484,485,486,487,488
479,480,481,482,483,484,485,486,487,488,489
480,481,482,483,484,485,486,487,488,489,490,551
481,482,483,484,485,486,487,488,489,490,491
482,483,484,485,486,487,488,489,490,491,492
483,484,485,486,488,489,490,491,492,493,977
484,485,486,487,488,489,490,491,492,493,494
485,486,487,489,490,491,492,493,494,495,634
486,487,488,489,490,491,492,493,494,495,496
487,488,490,491,492,493,495,496,497,983
488,489,490,491,493,494,495,496,497,498,511,679
489,490,491,492,493,494,495,496,497,498,499
490,491,492,493,494,495,496,498,500,944,749
491,492,493,494,495,496,497,498,499,500,501,915
492,493,494,495,496,497,498,499,500,501,502,690
493,494,495,496,497,498,499,500,501,502,503
494,495,496,497,498,500,501,502,503,504,585
495,496,497,498,499,500,501,502,503,504,505
496,497,498,499,500,501,502,503,504,505,506,634
497,498,499,500,501,502,504,505,506,507
498,499,500,501,502,503,504,505,506,507,508,869
499,500,501,503,504,505,506,507,508,509,654,979
500,501,502,503,504,505,506,507,508,509,510
501,502,503,504,505,506,507,508,509,510,511
502,503,504,505,506,507,508,509,510,512
503,504,505,506,507,508,509,510,511,512,513
504,505,506,507,508,509,510,511,512,514,542
505,508,509,510,511,512,513,514,515
506,507,509,510,511,512,513,514,515
507,508,509,510,511,513,514,516,517,691
508,509,510,511,512,513,514,515,516,517,518
509,510,512,513,514,515,516,517,518,519
510,511,512,513,514,515,516,518,519,520,964,660
511,512,513,514,515,516,517,518,519,520,521
512,513,514,515,516,517,518,519,520,521,522
513,514,515,516,517,518,519,520,521,522,523
514,515,516,517,518,519,520,521,522,523,524
515,516,517,518,519,520,521,522,523,524,525
516,517,518,519,520,522,523,525,526,712,778
517,518,519,520,521,522,523,524,525,526,527
518,519,520,521,522,523,524,525,526,527,528,820
519,520,521,522,523,524,525,526,527,528,529
520,521,522,523,524,525,526,527,528,530,593
521,522,523,524,525,526,528,529,530,531
522,523,524,525,526,527,528,529,530,531,532
523,524,525,526,527,528,529,530,531,532,533,709
524,525,526,527,528,529,530,531,532,533,534
525,526,527,528,529,530,532,533,534,535
526,527,528,529,530,531,532,533,534,535,536
527,529,530,531,532,533,534,535,536,537,732
528,529,530,532,533,534,535,536,537,538,899
529,530,531,532,534,535,536,537,538,664,662
530,532,533,534,535,536,537,538,539,540
531,532,533,534,535,536,537,538,539,540,541
532,533,534,535,536,537,538,539,541,542
533,534,535,536,537,538,539,540,541,542,543
534,535,536,537,538,539,540,541,542,544,787
535,536,537,538,539,540,541,542,543,544,545
536,537,538,539,540,541,542,543,544,545,546
537,538,540,541,542,543,544,545,546,547,628
538,539,540,541,542,543,544,545,546,547,548,783
539,540,541,542,543,544,545,546,547,548,937
540,541,542,543,544,545,546,547,548,549,550,753
541,542,543,544,545,546,547,548,549,550,551
542,543,544,545,546,547,548,549,550,552
543,544,545,546,547,548,549,550,551,552,553
544,545,546,547,549,550,551,552,553,554,987
545,546,547,548,549,550,551,552,553,554,555,959
546,547,548,549,550,551,552,553,554,555,556,859
547,548,549,550,551,552,553,555,556,557,957
548,549,550,551,552,553,554,555,556,557,558
549,550,551,552,553,554,555,556,557,558,559
550,551,552,553,554,555,556,557,558,559,560,873
551,552,553,554,555,556,557,558,559,561
552,553,554,555,556,557,558,560,561,562,700
553,554,555,556,557,558,559,560,561,562,563,731
554,555,556,557,558,559,560,561,562,563,564
555,556,557,558,559,560,561,562,563,564,565
556,557,558,559,560,561,562,563,564,565,566
557,558,559,560,561,562,563,564,565,566,567
558,559,561,562,563,564,565,567,568,593,939
559,560,561,562,563,564,565,566,567,568,569
560,561,562,563,564,566,567,569,570,939
561,562,563,564,565,566,567,568,569,570,571
562,563,564,565,566,567,568,569,570,571,572
563,564,565,566,567,568,569,570,571,572,573
564,565,566,567,568,569,570,571,573,574
565,566,567,568,569,570,571,572,573,574,575
566,567,568,569,570,571,572,573,574,575,576
567,568,569,570,571,572,573,574,575,576,577
568,569,570,571,572,573,574,575,577,578,950
569,570,571,572,573,574,575,576,577,578,579
570,571,572,573,574,575,576,577,578,579,580
571,572,573,574,575,576,577,578,579,580,581,636
572,573,574,575,576,577,579,580,581,582,825
573,574,575,576,577,578,579,580,581,582,583
574,575,576,577,578,579,580,581,582,583,584
575,576,577,578,579,580,581,582,583,584,585
576,577,578,579,580,582,583,584,585,586,871
577,578,579,580,581,582,583,584,585,586,587
578,579,580,581,582,583,584,585,586,587,588
579,580,581,582,583,584,585,586,587,588,589
580,581,582,583,584,585,586,587,588,589,590
581,582,583,584,585,586,587,588,589,590,591
582,584,585,586,587,588,590,591,592,865,647
583,584,585,586,587,589,590,591,592,593,997,759
584,585,586,587,589,590,591,592,593,594,996
585,586,587,588,589,590,591,593,595,731
586,587,588,589,590,591,592,593,594,595,596
587,588,589,590,591,592,593,594,595,596,597
588,589,590,591,592,593,594,595,596,597,598
589,590,591,592,593,594,595,596,597,599
590,591,592,593,594,595,596,597,598,599,600
591,593,594,595,597,598,599,600,601,935
592,593,594,595,596,597,598,599,600,601,602
593,594,595,596,597,598,599,600,601,602,603
594,595,596,597,598,599,600,601,602,603,604
595,596,597,598,599,600,601,602,604,605
596,597,598,599,600,601,602,603,604,605,606
597,598,599,600,602,603,604,605,606,607,805
598,599,600,601,602,603,604,605,606,607,831,632
599,600,601,602,603,604,605,606,607,608,609,640
600,601,602,603,604,605,606,607,608,609,610,744
601,602,603,604,605,607,608,610,825,786,657
602,603,604,605,606,607,608,609,610,611,612
603,604,605,606,607,608,609,610,611,612,613
604,605,606,607,608,609,610,611,612,613,614
605,606,607,608,609,610,611,612,613,614,615,646
606,607,608,609,610,611,612,613,614,615,616
607,608,609,610,611,612,613,615,616,617
608,609,610,611,612,613,614,615,616,617,618
609,610,611,613,614,615,616,617,618,619,665,987
610,612,613,614,615,616,617,618,619,717
611,612,613,614,615,616,617,618,619,620,621
612,613,614,615,616,617,618,619,620,621,622
613,614,616,617,618,619,620,621,622,623
614,615,616,617,618,619,620,621,622,623,624
615,616,617,618,619,620,621,622,623,624,625
616,618,619,620,621,622,623,624,625,957,966
617,618,619,620,621,622,623,624,625,626,627
618,619,620,621,622,623,624,625,626,627,628
619,620,621,622,623,625,626,627,628,629,801,954
620,621,622,623,624,625,626,627,628,629,630,648
621,622,624,625,626,627,628,629,630,631
622,623,624,625,626,627,628,629,630,631,632
623,624,625,626,627,628,629,630,631,632,633,900,833
624,625,626,627,628,629,630,631,632,633,634
625,626,627,628,629,630,631,632,633,634,635
626,627,628,630,631,632,633,634,635,636
627,628,629,630,631,632,633,634,635,636,637,743
628,629,630,631,633,634,635,636,637,638,746
629,630,631,632,633,635,636,637,638,639,896
630,631,632,633,634,635,636,637,638,639,640
631,632,633,634,635,636,637,638,639,640,641
632,633,634,636,637,638,639,641,723
633,634,635,636,637,638,639,640,641,642,643
634,635,636,637,638,639,640,642,643,644,761
635,636,637,638,639,640,641,642,643,644
636,637,638,639,640,641,642,644
637,638,639,640,641,642,643,644,645,646,647
638,639,640,641,642,643,644,646,647,648
639,640,641,642,644,645,646,647,648,649,812
640,641,643,644,645,646,647,648,649,650,742
641,642,643,644,645,646,647,648,649,650,651
642,643,644,645,647,648,649,650,651,652,758
643,644,645,646,647,648,649,650,651,652,653
644,646,647,648,649,650,651,652,653,654
645,646,647,648,649,650,651,652,653,654,655
646,647,648,649,650,651,652,653,654,656
647,648,649,650,652,653,654,656,657,804
648,649,651,652,654,655,656,657,658
649,650,651,652,653,654,655,656,657,658,659
650,651,653,654,655,656,657,658,659,660,711
651,652,653,654,655,656,658,659,660,661,919,988
652,653,654,655,656,657,658,659,660,661,662
653,654,655,656,657,658,659,660,661,662,663
654,655,656,657,658,659,660,661,662,663,843
655,656,657,658,659,660,661,663,664,665
656,657,658,659,660,661,662,663,664,665,666
657,658,659,660,661,662,663,664,665,666,667,726
658,659,660,661,662,663,664,665,666,667,950
659,660,661,662,663,664,665,666,667,668,669
660,661,662,663,664,665,666,667,668,669,670
661,662,663,664,665,666,667,668,669,670,671,771
662,663,664,665,666,667,668,669,670,671,672
663,664,665,666,667,668,669,670,671,672,673
664,665,666,667,668,669,671,672,673,674
665,666,667,668,669,671,673,674,675,761
666,667,668,669,670,671,673,674,675,676
667,668,669,670,671,672,673,674,675,676,677
668,669,670,671,672,673,674,675,676,677,678
669,670,671,672,673,674,675,676,677,678,679
670,672,673,674,675,676,677,678,679,680,920
671,672,673,674,675,676,677,678,679,680,872
672,673,674,675,676,677,678,679,680,681,682
673,674,675,676,677,678,679,681,683,698
674,675,676,677,678,679,680,681,682,683,684
675,676,677,678,679,680,682,683,684,685
676,677,678,679,680,681,682,683,684,685,686,935
677,678,679,680,681,682,683,684,685,686,687
678,679,680,681,682,683,684,685,686,687,688
679,680,681,682,684,685,686,687,688,689
680,681,682,683,684,685,686,687,688,689,690
681,682,683,684,685,686,687,688,689,691,985
682,683,685,686,687,688,689,690,691,692
683,684,685,686,687,688,689,690,691,692,693
684,685,686,687,688,689,690,691,693,694,807
685,686,687,688,689,690,691,692,693,694,695
686,687,688,689,690,691,692,693,694,695,696
687,688,689,690,691,692,693,694,695,697
688,689,690,691,692,693,694,695,696,697,698
689,690,691,692,693,694,695,696,697,698,699
690,691,692,694,695,696,697,698,700,767
691,692,693,694,695,696,697,698,699,700,701
692,693,694,695,696,697,698,699,700,701,702,858
693,694,696,697,698,699,700,701,702,703
694,695,696,697,698,699,700,701,702,703,704
695,696,697,698,699,700,701,702,703,704,705
696,697,698,699,700,701,702,703,704,705,706
697,698,699,700,701,702,703,704,705,706,707
698,699,700,701,702,703,704,705,706,707,708
699,700,701,703,704,705,706,707,708,709
700,701,702,703,704,705,706,707,708,709,710
701,702,703,704,705,706,707,708,709,710,711
702,703,704,705,706,707,708,709,710,712
703,704,705,706,707,708,709,710,711,712,713
704,705,706,707,709,710,711,712,713,714
705,706,707,708,709,710,711,712,713,714,715
706,707,708,709,711,712,713,714,715,716,881
707,708,709,710,711,712,713,714,715,716,717
708,709,710,711,712,713,714,715,716,717,718,761
709,710,711,712,713,714,715,716,718,719,950
710,711,712,713,714,715,716,717,718,719,720
711,712,713,714,715,716,717,718,719,720,721,800
712,713,714,715,716,717,718,719,720,721,722
713,714,715,716,717,719,720,721,722,723
714,715,716,717,719,720,721,722,723,724,739
715,716,717,718,719,720,721,723,724,725
716,717,718,719,720,721,722,723,724,725,726
717,718,719,720,722,723,724,725,726,727,921
718,719,720,721,722,723,724,725,726,727,728
719,720,722,723,724,725,726,727,728,729
720,721,722,723,724,725,726,727,728,730,948
721,722,723,724,725,726,727,728,729,730,731
722,723,724,725,726,727,728,730,731,732
723,724,725,726,727,728,729,730,731,732,733
724,725,726,727,729,730,731,732,733,734
725,726,727,728,729,730,731,732,733,734,735
726,727,728,729,730,731,732,733,734,735
727,728,730,731,732,733,734,735,736,737
728,729,730,731,732,733,734,735,736,737,738,978
729,730,731,732,733,735,736,737,738,739
730,731,732,733,734,735,736,737,738,739,740
731,732,733,734,735,736,738,739,740,741
732,733,734,735,736,737,738,739,740,741,742,744
733,734,736,737,738,739,740,741,742,743
734,735,736,737,738,739,740,741,742,743,744
735,736,738,739,740,741,742,743,744,745
736,737,738,739,740,741,742,743,744,745,746
737,738,739,740,741,742,743,744,745,746,747
738,739,740,741,742,743,744,745,746,747,748
739,740,742,743,744,745,746,747,748,749
740,741,742,743,744,745,746,747,748,749,750
741,742,743,744,745,746,747,748,749,750,751
742,743,744,745,746,747,748,749,751,752
743,744,745,746,747,748,749,750,752,753
744,745,746,747,748,749,750,751,753
745,746,747,748,749,750,751,752,753,754,755
746,747,748,749,750,751,752,753,754,755,756
747,748,749,750,751,752,753,754,755,756,757
748,749,750,751,752,753,754,755,756,757,758,947
749,750,751,752,753,754,755,756,757,758,759
750,751,752,753,754,755,756,757,758,759,760
751,752,753,754,755,756,757,758,759,761
752,753,754,755,756,758,759,760,761,762
753,754,755,756,757,758,759,760,761,763
754,755,756,757,758,759,761,762,763,764
755,756,757,758,759,760,761,762,763,764,765
756,757,758,759,760,761,762,763,764,765,766
757,758,759,760,761,762,763,764,765,766,767
758,759,760,761,762,763,764,765,766,767,768
759,760,761,762,763,764,765,766,767,768,769
760,761,762,763,764,765,767,768,769,770,943
761,762,764,765,766,767,768,770,827
762,763,764,765,766,767,768,769,770,771,772
763,764,765,766,767,768,769,770,771,772,773
764,765,766,768,769,770,771,772,773,774,889
765,766,767,768,769,770,771,772,773,774,775
766,767,768,769,770,771,772,773,774,775,776
767,768,769,770,772,773,774,775,776,777,828
768,769,770,771,772,773,774,775,776,777,778
769,770,771,772,773,774,775,776,777,778,779
770,771,772,773,774,775,776,777,778,779,780
771,772,773,774,775,776,777,778,779,780
772,773,774,775,776,777,778,779,780,781,782
773,774,775,776,777,778,779,780,781,782,783
774,775,776,777,778,779,780,781,782,783,784
775,776,777,778,779,780,781,782,783,784,785
776,778,779,780,782,783,784,785,877
777,778,779,780,781,782,783,784,785,786,787
778,779,780,781,782,783,784,785,786,787
779,780,781,782,783,784,785,786,787,788,789
780,781,782,783,784,785,786,787,788,789,790
781,782,783,784,785,786,787,788,789,790,791
782,783,784,785,786,787,788,789,790,791,792
783,784,785,786,787,788,790,791,792,793
784,785,786,787,788,789,790,791,792,793,794
785,786,787,788,790,791,792,793,794,795
786,787,788,789,790,792,793,794,795,796
787,788,789,790,791,792,793,794,795,796,797
788,789,790,791,792,793,794,795,796,797,798
789,790,791,792,793,794,795,796,797,798,799
790,791,792,793,794,795,796,797,798,799,800
791,792,793,794,795,796,797,798,799,800,801
792,793,794,795,796,797,798,799,800,801,802
793,794,795,796,797,798,799,800,801,802,803,836
794,795,796,797,798,799,800,801,802,803,804
795,796,797,798,799,800,801,802,803,804,805
796,797,798,799,800,801,802,803,804,805,806,963
797,798,799,800,801,802,803,804,805,806,807,822
798,799,800,801,802,803,804,805,806,807
799,800,801,802,803,804,805,806,807,808,809
800,801,802,803,804,805,806,807,808,810
801,802,803,804,805,806,807,808,809,811
802,803,804,805,806,807,808,809,810,811,812
803,804,805,806,807,808,809,810,811,812,813
804,806,807,808,809,810,811,812,813,814
805,806,807,808,810,811,812,813,814,815
806,807,808,809,810,811,812,813,815,816
807,808,809,810,811,812,813,814,815,816,817
808,809,810,811,812,813,814,815,816,817,818
809,810,811,812,813,814,815,816,817,818,819
810,811,812,813,814,815,816,817,818,819,820
811,812,813,814,815,816,817,818,819,820,821
812,813,814,815,816,817,818,819,820,822
813,814,816,817,818,819,820,821,822,823
814,815,816,817,818,819,820,821,822,823,889
815,816,817,818,819,820,821,822,823,824,825
816,817,818,819,820,821,822,823,824,825,826
817,818,819,820,821,822,823,824,825,826,827
818,819,820,821,822,823,824,825,826,827,828
819,820,821,822,823,824,825,826,827,828,829
820,823,824,825,826,828,829,830,987
821,822,823,824,825,826,827,828,829,830,831
822,823,824,825,826,827,830,831,832
823,824,825,826,827,828,829,830,831,832,833
824,825,826,828,829,830,831,832,833,834
825,826,827,828,830,831,832,833,834,835
826,827,828,829,830,831,832,833,834,835,836,990
827,829,831,832,833,834,835,836,837
828,830,831,832,833,834,835,836,838
829,830,831,832,833,834,835,836,837,838,839
830,831,832,833,834,835,836,837,839,840
831,832,833,834,835,836,837,838,839,840,841
832,833,834,835,836,837,838,839,840,841,842,844
833,834,835,836,837,838,839,840,841,842
834,835,836,837,838,839,840,841,842,843,844
835,836,837,838,839,840,841,842,843,844,845
836,837,838,839,840,841,843,844,845,846
837,838,839,840,841,842,843,844,845,846,847
838,839,840,842,843,844,845,846,847,848
839,840,841,842,843,844,845,846,847,848,849
840,841,842,843,844,845,846,847,848,849,850
841,842,843,844,845,846,847,848,849,851,896
842,843,844,845,846,847,848,849,850,851,852
843,845,846,847,848,850,851,852,853
844,845,846,847,848,849,850,852,854
845,846,847,848,849,850,851,852,853,854,855
846,847,848,849,850,851,852,853,854,855,856
847,848,849,850,851,852,853,854,855,856,857
848,849,850,851,852,853,854,855,856,857,858,911
849,850,851,852,853,854,855,856,857,858,859
850,851,852,853,855,857,858,859,860
851,852,853,854,855,856,857,858,859,860,861
852,854,855,856,857,858,859,860,861,862
853,854,855,857,858,859,860,861,862,863,877
854,855,856,857,858,859,860,861,862,863,864
855,856,857,858,859,860,861,862,863,864,865
856,857,858,859,860,861,862,863,864,865,866
857,858,859,860,861,862,863,864,865,866,867
858,859,860,862,864,865,866,867,868
859,860,861,862,864,865,866,867,868,869
860,861,862,863,864,865,866,867,868,869,870
861,862,863,864,865,866,868,869,870,871
862,863,864,865,866,867,868,869,870,871,872
863,864,865,866,867,868,869,870,871,872,873
864,865,866,867,868,869,870,871,872,873,874
865,866,867,868,869,870,871,872,873,874,875
866,867,868,869,870,871,872,873,874,875,876
867,868,869,870,871,872,873,874,875,877
868,869,870,871,872,873,874,875,876,877,878
869,870,871,873,874,875,876,877,878,879
870,871,872,873,874,875,877,878,879,880,919
871,872,873,874,875,876,877,879,880,881
872,873,874,875,876,877,878,879,880,881,882
873,874,875,876,878,879,880,881,882,883
874,875,876,877,878,879,880,881,882,883,884
875,876,877,878,879,880,882,883,884,885
876,877,878,879,880,881,882,883,884,885,886
877,878,879,880,881,882,883,884,885,887
878,879,880,881,882,883,884,885,886,887,888
879,880,881,882,883,884,885,886,887,888,889
880,881,882,883,884,885,886,887,888,889,890
881,882,883,884,885,886,887,888,889,890,891,923
882,883,884,885,886,888,889,890,891,892,970,913
883,884,885,886,887,888,889,890,891,892,893
884,885,886,887,888,889,890,891,892,893,894
885,886,887,888,889,890,891,892,893,894,895
886,887,888,889,890,891,892,893,894,895,896
887,888,889,890,891,892,893,894,895,896,897
888,890,891,892,893,894,896,897,898
889,890,891,892,893,894,895,896,897,898,899
890,891,892,893,894,895,896,897,898,899,900
891,892,893,895,896,897,898,899,900,901,987
892,893,894,895,897,899,900,901,902,981,910,920
893,894,895,896,897,898,899,900,901,902,903
894,895,896,897,898,899,900,901,902,903,904
895,896,897,898,899,900,901,903,904,905
896,897,898,899,900,901,902,903,904,905,906
897,898,899,900,901,902,904,905,906,907,931
898,899,900,901,902,903,904,905,906,907,908
899,900,901,902,903,904,905,907,908,909
900,901,902,903,904,905,907,908,909,910
901,902,903,904,905,906,907,908,909,910,911
902,903,904,905,906,907,908,909,910,911,912
903,904,905,906,908,909,912,913,934
904,905,906,907,908,909,910,911,912,913,914
905,906,907,908,909,910,911,912,913,914,915
906,907,908,909,910,911,912,913,914,915,916
907,908,909,910,911,912,913,914,915,916,917
908,909,910,911,912,913,914,915,916,917,918
909,910,911,912,913,914,915,916,917,918,919
910,911,912,913,914,915,916,917,918,919
911,912,913,914,915,916,917,919,920,921
912,913,914,915,916,917,918,919,920,921,922
913,914,915,916,917,918,919,920,921,922,923
914,915,916,917,918,919,920,921,922,923,924
915,916,919,920,921,922,923,924,925
916,917,918,919,920,921,922,923,924,925,926
917,918,919,920,921,922,923,924,925,926,927
918,919,920,921,922,923,924,925,926,927,928
919,921,922,923,924,925,926,927,929
920,921,922,923,924,925,926,927,928,929
921,922,923,924,925,926,927,928,929,930
922,923,924,925,926,927,928,929,930,931,932
923,924,925,926,928,929,930,931,933
924,926,927,928,929,930,931,932,933,934
925,926,927,928,929,930,931,932,933,935
926,927,928,929,930,931,932,933,934,935,936
927,928,929,930,931,932,933,934,935,936,937
928,929,930,932,933,934,935,936,937,938
929,930,931,932,933,934,935,936,937,938,939
930,931,932,933,934,935,936,937,938,939,940
931,932,933,934,935,936,937,938,939,940,941
932,934,935,936,937,938,939,940,941,942
933,934,935,936,937,938,939,940,941,942,943
934,935,936,938,939,940,941,942,944
935,936,937,939,940,941,942,943,944,945
936,937,938,939,940,941,942,943,944,945,946
937,938,939,942,943,944,945,946,947
938,939,940,941,942,943,944,945,946,947,948
939,940,941,942,943,944,945,946,947,948,949
940,941,942,943,944,945,946,947,948,949,950,964
941,942,943,944,945,946,947,948,949,950,951
942,943,944,945,946,947,948,949,950,951,952
943,944,945,946,947,948,949,950,951,952,953
944,945,946,947,948,949,950,951,952,953,954
945,946,947,948,949,950,951,952,953,954,955
946,947,948,949,950,951,952,953,954,955,956
947,948,949,950,951,952,953,954,955,957
948,949,950,951,952,954,955,956,957,958
949,950,951,952,953,954,955,956,957,958,959
950,951,952,953,954,955,956,958,959
951,952,953,954,956,957,958,959,960,961
952,953,954,955,956,957,958,959,960,962
953,955,956,957,958,959,960,961,962,963,977
954,955,956,957,958,959,961,962,963,964
955,957,958,959,960,961,962,963,964,965,982
956,957,958,959,960,961,962,963,964,965,966
957,958,959,961,962,963,964,965,966,967
958,959,960,961,962,963,964,965,966,967,968
959,960,961,964,965,966,967,968,969
960,961,962,963,964,965,966,967,968,969,970
961,962,963,964,965,966,967,968,969,970,971
962,963,964,965,966,967,968,969,970,971,972
963,964,965,966,967,968,969,971,972,973
964,965,966,967,968,969,971,972,974
965,966,967,968,969,970,971,972,973,974,975
966,967,968,969,970,971,972,973,974,975,976
967,968,969,970,971,972,973,974,975,976,977,983
968,969,970,971,972,973,975,976,977,978
969,970,971,972,973,974,975,976,977,978,979
970,972,973,975,976,977,978,979,980
971,972,974,975,976,977,978,979,980,981
972,973,974,975,976,977,978,979,980,981,982
973,974,975,976,977,978,979,980,981,982,983
974,975,976,977,978,979,980,981,983,984,994
975,976,977,978,979,980,981,983,984,985
976,977,978,979,980,982,983,984,985,986
977,978,979,980,981,982,983,984,985,986,987
978,979,980,981,982,983,984,985,986,987
979,980,981,982,983,984,985,986,987,989
980,981,982,983,984,985,986,988,989,990
981,982,983,984,985,986,987,988,989,990,991
982,983,984,985,986,987,989,990,991,992,996
983,984,985,986,987,988,989,990,992,993
984,985,986,987,988,989,990,991,992,993,994
985,986,987,988,989,990,991,992,993,994,995
986,987,988,989,990,991,992,993,994,995,996
987,988,989,990,991,992,995,997
988,989,990,991,992,993,994,995,997,998
989,990,991,992,993,994,995,996,997,998,999
990,991,992,993,994,996,997,998,999
991,992,993,994,995,996,997,998,999
992,993,994,995,996,997,998,999
993,994,995,996,997,998,999
994,995,996,997,998,999
995,996,997,998,999
996,997,998,999
997,998
998,999
999,-1
